"LOCATION","Country","TRANSACT","Transaction","MEASURE","Measure","TIME","Year","Unit Code","Unit","PowerCode Code","PowerCode","Reference Period Code","Reference Period","Value","Flag Codes","Flags"
"AUS","Australia","B1_GE","Gross domestic product (expenditure approach)","HCPC","Per head, current prices, current PPPs","2017","2017","USD","US Dollar","0","Units",,,50758.582318,,
"AUS","Australia","B1_GE","Gross domestic product (expenditure approach)","HCPC","Per head, current prices, current PPPs","2018","2018","USD","US Dollar","0","Units",,,53118.792237,,
"AUS","Australia","B1_GE","Gross domestic product (expenditure approach)","HCPC","Per head, current prices, current PPPs","2019","2019","USD","US Dollar","0","Units",,,53670.04007,,
"AUS","Australia","B1_GE","Gross domestic product (expenditure approach)","HCPC","Per head, current prices, current PPPs","2020","2020","USD","US Dollar","0","Units",,,56892.076725,,
"AUS","Australia","B1_GE","Gross domestic product (expenditure approach)","HCPC","Per head, current prices, current PPPs","2021","2021","USD","US Dollar","0","Units",,,64113.764294,,
"AUS","Australia","B1_GE","Gross domestic product (expenditure approach)","HCPC","Per head, current prices, current PPPs","2022","2022","USD","US Dollar","0","Units",,,71804.153771,,
"AUT","Austria","B1_GE","Gross domestic product (expenditure approach)","HCPC","Per head, current prices, current PPPs","2017","2017","USD","US Dollar","0","Units",,,54188.360666,,
"AUT","Austria","B1_GE","Gross domestic product (expenditure approach)","HCPC","Per head, current prices, current PPPs","2018","2018","USD","US Dollar","0","Units",,,56956.110562,,
"AUT","Austria","B1_GE","Gross domestic product (expenditure approach)","HCPC","Per head, current prices, current PPPs","2019","2019","USD","US Dollar","0","Units",,,60590.199652,,
"AUT","Austria","B1_GE","Gross domestic product (expenditure approach)","HCPC","Per head, current prices, current PPPs","2020","2020","USD","US Dollar","0","Units",,,58610.931828,,
"AUT","Austria","B1_GE","Gross domestic product (expenditure approach)","HCPC","Per head, current prices, current PPPs","2021","2021","USD","US Dollar","0","Units",,,63451.49024,,
"AUT","Austria","B1_GE","Gross domestic product (expenditure approach)","HCPC","Per head, current prices, current PPPs","2022","2022","USD","US Dollar","0","Units",,,70889.43168,,
"BEL","Belgium","B1_GE","Gross domestic product (expenditure approach)","HCPC","Per head, current prices, current PPPs","2017","2017","USD","US Dollar","0","Units",,,50442.947518,,
"BEL","Belgium","B1_GE","Gross domestic product (expenditure approach)","HCPC","Per head, current prices, current PPPs","2018","2018","USD","US Dollar","0","Units",,,52530.84151,,
"BEL","Belgium","B1_GE","Gross domestic product (expenditure approach)","HCPC","Per head, current prices, current PPPs","2019","2019","USD","US Dollar","0","Units",,,56621.428343,,
"BEL","Belgium","B1_GE","Gross domestic product (expenditure approach)","HCPC","Per head, current prices, current PPPs","2020","2020","USD","US Dollar","0","Units",,,55754.742161,,
"BEL","Belgium","B1_GE","Gross domestic product (expenditure approach)","HCPC","Per head, current prices, current PPPs","2021","2021","USD","US Dollar","0","Units",,,62108.152895,,
"BEL","Belgium","B1_GE","Gross domestic product (expenditure approach)","HCPC","Per head, current prices, current PPPs","2022","2022","USD","US Dollar","0","Units",,,68287.330393,"P","Provisional value"
"CAN","Canada","B1_GE","Gross domestic product (expenditure approach)","HCPC","Per head, current prices, current PPPs","2017","2017","USD","US Dollar","0","Units",,,48317.191163,,
"CAN","Canada","B1_GE","Gross domestic product (expenditure approach)","HCPC","Per head, current prices, current PPPs","2018","2018","USD","US Dollar","0","Units",,,49992.811418,,
"CAN","Canada","B1_GE","Gross domestic product (expenditure approach)","HCPC","Per head, current prices, current PPPs","2019","2019","USD","US Dollar","0","Units",,,50522.150242,,
"CAN","Canada","B1_GE","Gross domestic product (expenditure approach)","HCPC","Per head, current prices, current PPPs","2020","2020","USD","US Dollar","0","Units",,,48618.167552,,
"CAN","Canada","B1_GE","Gross domestic product (expenditure approach)","HCPC","Per head, current prices, current PPPs","2021","2021","USD","US Dollar","0","Units",,,55801.206845,,
"CAN","Canada","B1_GE","Gross domestic product (expenditure approach)","HCPC","Per head, current prices, current PPPs","2022","2022","USD","US Dollar","0","Units",,,62056.14535,,
"CZE","Czechia","B1_GE","Gross domestic product (expenditure approach)","HCPC","Per head, current prices, current PPPs","2017","2017","USD","US Dollar","0","Units",,,38842.896268,,
"CZE","Czechia","B1_GE","Gross domestic product (expenditure approach)","HCPC","Per head, current prices, current PPPs","2018","2018","USD","US Dollar","0","Units",,,41157.370409,,
"CZE","Czechia","B1_GE","Gross domestic product (expenditure approach)","HCPC","Per head, current prices, current PPPs","2019","2019","USD","US Dollar","0","Units",,,44870.504406,,
"CZE","Czechia","B1_GE","Gross domestic product (expenditure approach)","HCPC","Per head, current prices, current PPPs","2020","2020","USD","US Dollar","0","Units",,,43913.10315,,
"CZE","Czechia","B1_GE","Gross domestic product (expenditure approach)","HCPC","Per head, current prices, current PPPs","2021","2021","USD","US Dollar","0","Units",,,47551.158,,
"CZE","Czechia","B1_GE","Gross domestic product (expenditure approach)","HCPC","Per head, current prices, current PPPs","2022","2022","USD","US Dollar","0","Units",,,51625.603254,,
"DNK","Denmark","B1_GE","Gross domestic product (expenditure approach)","HCPC","Per head, current prices, current PPPs","2017","2017","USD","US Dollar","0","Units",,,55356.49009,,
"DNK","Denmark","B1_GE","Gross domestic product (expenditure approach)","HCPC","Per head, current prices, current PPPs","2018","2018","USD","US Dollar","0","Units",,,57479.350221,,
"DNK","Denmark","B1_GE","Gross domestic product (expenditure approach)","HCPC","Per head, current prices, current PPPs","2019","2019","USD","US Dollar","0","Units",,,60760.52243,,
"DNK","Denmark","B1_GE","Gross domestic product (expenditure approach)","HCPC","Per head, current prices, current PPPs","2020","2020","USD","US Dollar","0","Units",,,62544.311171,,
"DNK","Denmark","B1_GE","Gross domestic product (expenditure approach)","HCPC","Per head, current prices, current PPPs","2021","2021","USD","US Dollar","0","Units",,,69911.560821,,
"DNK","Denmark","B1_GE","Gross domestic product (expenditure approach)","HCPC","Per head, current prices, current PPPs","2022","2022","USD","US Dollar","0","Units",,,77914.57087,,
"FIN","Finland","B1_GE","Gross domestic product (expenditure approach)","HCPC","Per head, current prices, current PPPs","2017","2017","USD","US Dollar","0","Units",,,47570.270354,,
"FIN","Finland","B1_GE","Gross domestic product (expenditure approach)","HCPC","Per head, current prices, current PPPs","2018","2018","USD","US Dollar","0","Units",,,49573.255773,,
"FIN","Finland","B1_GE","Gross domestic product (expenditure approach)","HCPC","Per head, current prices, current PPPs","2019","2019","USD","US Dollar","0","Units",,,52569.862969,,
"FIN","Finland","B1_GE","Gross domestic product (expenditure approach)","HCPC","Per head, current prices, current PPPs","2020","2020","USD","US Dollar","0","Units",,,53657.584166,,
"FIN","Finland","B1_GE","Gross domestic product (expenditure approach)","HCPC","Per head, current prices, current PPPs","2021","2021","USD","US Dollar","0","Units",,,57783.834512,,
"FIN","Finland","B1_GE","Gross domestic product (expenditure approach)","HCPC","Per head, current prices, current PPPs","2022","2022","USD","US Dollar","0","Units",,,62759.366567,,
"FRA","France","B1_GE","Gross domestic product (expenditure approach)","HCPC","Per head, current prices, current PPPs","2017","2017","USD","US Dollar","0","Units",,,44444.934559,,
"FRA","France","B1_GE","Gross domestic product (expenditure approach)","HCPC","Per head, current prices, current PPPs","2018","2018","USD","US Dollar","0","Units",,,46336.933985,,
"FRA","France","B1_GE","Gross domestic product (expenditure approach)","HCPC","Per head, current prices, current PPPs","2019","2019","USD","US Dollar","0","Units",,,50961.748456,,
"FRA","France","B1_GE","Gross domestic product (expenditure approach)","HCPC","Per head, current prices, current PPPs","2020","2020","USD","US Dollar","0","Units",,,49180.695073,,
"FRA","France","B1_GE","Gross domestic product (expenditure approach)","HCPC","Per head, current prices, current PPPs","2021","2021","USD","US Dollar","0","Units",,,53462.65578,"P","Provisional value"
"FRA","France","B1_GE","Gross domestic product (expenditure approach)","HCPC","Per head, current prices, current PPPs","2022","2022","USD","US Dollar","0","Units",,,57179.609168,"P","Provisional value"
"DEU","Germany","B1_GE","Gross domestic product (expenditure approach)","HCPC","Per head, current prices, current PPPs","2017","2017","USD","US Dollar","0","Units",,,53071.478374,,
"DEU","Germany","B1_GE","Gross domestic product (expenditure approach)","HCPC","Per head, current prices, current PPPs","2018","2018","USD","US Dollar","0","Units",,,55195.722049,,
"DEU","Germany","B1_GE","Gross domestic product (expenditure approach)","HCPC","Per head, current prices, current PPPs","2019","2019","USD","US Dollar","0","Units",,,58251.739301,"P","Provisional value"
"DEU","Germany","B1_GE","Gross domestic product (expenditure approach)","HCPC","Per head, current prices, current PPPs","2020","2020","USD","US Dollar","0","Units",,,57905.087353,"P","Provisional value"
"DEU","Germany","B1_GE","Gross domestic product (expenditure approach)","HCPC","Per head, current prices, current PPPs","2021","2021","USD","US Dollar","0","Units",,,61939.721744,"P","Provisional value"
"DEU","Germany","B1_GE","Gross domestic product (expenditure approach)","HCPC","Per head, current prices, current PPPs","2022","2022","USD","US Dollar","0","Units",,,66616.053773,"P","Provisional value"
"GRC","Greece","B1_GE","Gross domestic product (expenditure approach)","HCPC","Per head, current prices, current PPPs","2017","2017","USD","US Dollar","0","Units",,,28604.829152,,
"GRC","Greece","B1_GE","Gross domestic product (expenditure approach)","HCPC","Per head, current prices, current PPPs","2018","2018","USD","US Dollar","0","Units",,,29617.518625,,
"GRC","Greece","B1_GE","Gross domestic product (expenditure approach)","HCPC","Per head, current prices, current PPPs","2019","2019","USD","US Dollar","0","Units",,,31611.259408,,
"GRC","Greece","B1_GE","Gross domestic product (expenditure approach)","HCPC","Per head, current prices, current PPPs","2020","2020","USD","US Dollar","0","Units",,,29088.257852,,
"GRC","Greece","B1_GE","Gross domestic product (expenditure approach)","HCPC","Per head, current prices, current PPPs","2021","2021","USD","US Dollar","0","Units",,,32797.27833,"P","Provisional value"
"GRC","Greece","B1_GE","Gross domestic product (expenditure approach)","HCPC","Per head, current prices, current PPPs","2022","2022","USD","US Dollar","0","Units",,,38396.501019,"P","Provisional value"
"SVK","Slovak Republic","B1_GE","Gross domestic product (expenditure approach)","HCPC","Per head, current prices, current PPPs","2017","2017","USD","US Dollar","0","Units",,,30147.015977,,
"SVK","Slovak Republic","B1_GE","Gross domestic product (expenditure approach)","HCPC","Per head, current prices, current PPPs","2018","2018","USD","US Dollar","0","Units",,,31374.187996,,
"SVK","Slovak Republic","B1_GE","Gross domestic product (expenditure approach)","HCPC","Per head, current prices, current PPPs","2019","2019","USD","US Dollar","0","Units",,,33949.002023,,
"SVK","Slovak Republic","B1_GE","Gross domestic product (expenditure approach)","HCPC","Per head, current prices, current PPPs","2020","2020","USD","US Dollar","0","Units",,,34988.895746,,
"SVK","Slovak Republic","B1_GE","Gross domestic product (expenditure approach)","HCPC","Per head, current prices, current PPPs","2021","2021","USD","US Dollar","0","Units",,,37840.732135,,
"SVK","Slovak Republic","B1_GE","Gross domestic product (expenditure approach)","HCPC","Per head, current prices, current PPPs","2022","2022","USD","US Dollar","0","Units",,,40586.474879,,
"ESP","Spain","B1_GE","Gross domestic product (expenditure approach)","HCPC","Per head, current prices, current PPPs","2017","2017","USD","US Dollar","0","Units",,,39601.479631,,
"ESP","Spain","B1_GE","Gross domestic product (expenditure approach)","HCPC","Per head, current prices, current PPPs","2018","2018","USD","US Dollar","0","Units",,,40776.768298,,
"ESP","Spain","B1_GE","Gross domestic product (expenditure approach)","HCPC","Per head, current prices, current PPPs","2019","2019","USD","US Dollar","0","Units",,,43767.034223,,
"ESP","Spain","B1_GE","Gross domestic product (expenditure approach)","HCPC","Per head, current prices, current PPPs","2020","2020","USD","US Dollar","0","Units",,,38975.562616,,
"ESP","Spain","B1_GE","Gross domestic product (expenditure approach)","HCPC","Per head, current prices, current PPPs","2021","2021","USD","US Dollar","0","Units",,,43698.22261,"P","Provisional value"
"ESP","Spain","B1_GE","Gross domestic product (expenditure approach)","HCPC","Per head, current prices, current PPPs","2022","2022","USD","US Dollar","0","Units",,,48852.43865,"P","Provisional value"
"CHE","Switzerland","B1_GE","Gross domestic product (expenditure approach)","HCPC","Per head, current prices, current PPPs","2017","2017","USD","US Dollar","0","Units",,,68193.502958,,
"CHE","Switzerland","B1_GE","Gross domestic product (expenditure approach)","HCPC","Per head, current prices, current PPPs","2018","2018","USD","US Dollar","0","Units",,,70688.84449,,
"CHE","Switzerland","B1_GE","Gross domestic product (expenditure approach)","HCPC","Per head, current prices, current PPPs","2019","2019","USD","US Dollar","0","Units",,,73732.233559,,
"CHE","Switzerland","B1_GE","Gross domestic product (expenditure approach)","HCPC","Per head, current prices, current PPPs","2020","2020","USD","US Dollar","0","Units",,,72997.822326,,
"CHE","Switzerland","B1_GE","Gross domestic product (expenditure approach)","HCPC","Per head, current prices, current PPPs","2021","2021","USD","US Dollar","0","Units",,,81603.187365,"P","Provisional value"
"CHE","Switzerland","B1_GE","Gross domestic product (expenditure approach)","HCPC","Per head, current prices, current PPPs","2022","2022","USD","US Dollar","0","Units",,,90685.40799,"P","Provisional value"
"GBR","United Kingdom","B1_GE","Gross domestic product (expenditure approach)","HCPC","Per head, current prices, current PPPs","2017","2017","USD","US Dollar","0","Units",,,46061.354379,,
"GBR","United Kingdom","B1_GE","Gross domestic product (expenditure approach)","HCPC","Per head, current prices, current PPPs","2018","2018","USD","US Dollar","0","Units",,,47107.7092,,
"GBR","United Kingdom","B1_GE","Gross domestic product (expenditure approach)","HCPC","Per head, current prices, current PPPs","2019","2019","USD","US Dollar","0","Units",,,49940.54115,,
"GBR","United Kingdom","B1_GE","Gross domestic product (expenditure approach)","HCPC","Per head, current prices, current PPPs","2020","2020","USD","US Dollar","0","Units",,,48006.081301,,
"GBR","United Kingdom","B1_GE","Gross domestic product (expenditure approach)","HCPC","Per head, current prices, current PPPs","2021","2021","USD","US Dollar","0","Units",,,52841.89224,,
"GBR","United Kingdom","B1_GE","Gross domestic product (expenditure approach)","HCPC","Per head, current prices, current PPPs","2022","2022","USD","US Dollar","0","Units",,,56765.788901,,
"CHN","China (People's Republic of)","B1_GE","Gross domestic product (expenditure approach)","HCPC","Per head, current prices, current PPPs","2017","2017","USD","US Dollar","0","Units",,,14203.909059,,
"CHN","China (People's Republic of)","B1_GE","Gross domestic product (expenditure approach)","HCPC","Per head, current prices, current PPPs","2018","2018","USD","US Dollar","0","Units",,,15468.603003,,
"CHN","China (People's Republic of)","B1_GE","Gross domestic product (expenditure approach)","HCPC","Per head, current prices, current PPPs","2019","2019","USD","US Dollar","0","Units",,,16627.819076,,
"CHN","China (People's Republic of)","B1_GE","Gross domestic product (expenditure approach)","HCPC","Per head, current prices, current PPPs","2020","2020","USD","US Dollar","0","Units",,,17197.01222,,
"CHN","China (People's Republic of)","B1_GE","Gross domestic product (expenditure approach)","HCPC","Per head, current prices, current PPPs","2021","2021","USD","US Dollar","0","Units",,,19481.176118,,
"CHN","China (People's Republic of)","B1_GE","Gross domestic product (expenditure approach)","HCPC","Per head, current prices, current PPPs","2022","2022","USD","US Dollar","0","Units",,,21391.666238,,
"COL","Colombia","B1_GE","Gross domestic product (expenditure approach)","HCPC","Per head, current prices, current PPPs","2017","2017","USD","US Dollar","0","Units",,,14930.865719,,
"COL","Colombia","B1_GE","Gross domestic product (expenditure approach)","HCPC","Per head, current prices, current PPPs","2018","2018","USD","US Dollar","0","Units",,,15814.696386,,
"COL","Colombia","B1_GE","Gross domestic product (expenditure approach)","HCPC","Per head, current prices, current PPPs","2019","2019","USD","US Dollar","0","Units",,,16712.410595,,
"COL","Colombia","B1_GE","Gross domestic product (expenditure approach)","HCPC","Per head, current prices, current PPPs","2020","2020","USD","US Dollar","0","Units",,,15938.863253,"P","Provisional value"
"COL","Colombia","B1_GE","Gross domestic product (expenditure approach)","HCPC","Per head, current prices, current PPPs","2021","2021","USD","US Dollar","0","Units",,,18141.216067,"P","Provisional value"
"COL","Colombia","B1_GE","Gross domestic product (expenditure approach)","HCPC","Per head, current prices, current PPPs","2022","2022","USD","US Dollar","0","Units",,,21523.64812,"E","Estimated value"
"EU15","European Union (15 countries)","B1_GE","Gross domestic product (expenditure approach)","HCPC","Per head, current prices, current PPPs","2017","2017","USD","US Dollar","0","Units",,,46539.169269,,
"EU15","European Union (15 countries)","B1_GE","Gross domestic product (expenditure approach)","HCPC","Per head, current prices, current PPPs","2018","2018","USD","US Dollar","0","Units",,,48302.597388,,
"EU15","European Union (15 countries)","B1_GE","Gross domestic product (expenditure approach)","HCPC","Per head, current prices, current PPPs","2019","2019","USD","US Dollar","0","Units",,,51657.830356,"P","Provisional value"
"EU15","European Union (15 countries)","B1_GE","Gross domestic product (expenditure approach)","HCPC","Per head, current prices, current PPPs","2020","2020","USD","US Dollar","0","Units",,,50052.491511,"P","Provisional value"
"EU15","European Union (15 countries)","B1_GE","Gross domestic product (expenditure approach)","HCPC","Per head, current prices, current PPPs","2021","2021","USD","US Dollar","0","Units",,,55032.531455,"P","Provisional value"
"EU15","European Union (15 countries)","B1_GE","Gross domestic product (expenditure approach)","HCPC","Per head, current prices, current PPPs","2022","2022","USD","US Dollar","0","Units",,,60123.10101,"P","Provisional value"
"PRT","Portugal","B1_GE","Gross domestic product (expenditure approach)","HCPC","Per head, current prices, current PPPs","2017","2017","USD","US Dollar","0","Units",,,33044.70015,,
"PRT","Portugal","B1_GE","Gross domestic product (expenditure approach)","HCPC","Per head, current prices, current PPPs","2018","2018","USD","US Dollar","0","Units",,,34928.61899,,
"PRT","Portugal","B1_GE","Gross domestic product (expenditure approach)","HCPC","Per head, current prices, current PPPs","2019","2019","USD","US Dollar","0","Units",,,37845.056452,,
"PRT","Portugal","B1_GE","Gross domestic product (expenditure approach)","HCPC","Per head, current prices, current PPPs","2020","2020","USD","US Dollar","0","Units",,,35874.736876,,
"PRT","Portugal","B1_GE","Gross domestic product (expenditure approach)","HCPC","Per head, current prices, current PPPs","2021","2021","USD","US Dollar","0","Units",,,39036.295762,,
"PRT","Portugal","B1_GE","Gross domestic product (expenditure approach)","HCPC","Per head, current prices, current PPPs","2022","2022","USD","US Dollar","0","Units",,,44962.900918,"P","Provisional value"
"POL","Poland","B1_GE","Gross domestic product (expenditure approach)","HCPC","Per head, current prices, current PPPs","2017","2017","USD","US Dollar","0","Units",,,29609.446369,,
"POL","Poland","B1_GE","Gross domestic product (expenditure approach)","HCPC","Per head, current prices, current PPPs","2018","2018","USD","US Dollar","0","Units",,,31662.210541,,
"POL","Poland","B1_GE","Gross domestic product (expenditure approach)","HCPC","Per head, current prices, current PPPs","2019","2019","USD","US Dollar","0","Units",,,35099.141034,,
"POL","Poland","B1_GE","Gross domestic product (expenditure approach)","HCPC","Per head, current prices, current PPPs","2020","2020","USD","US Dollar","0","Units",,,35891.205663,,
"POL","Poland","B1_GE","Gross domestic product (expenditure approach)","HCPC","Per head, current prices, current PPPs","2021","2021","USD","US Dollar","0","Units",,,40022.794634,,
"POL","Poland","B1_GE","Gross domestic product (expenditure approach)","HCPC","Per head, current prices, current PPPs","2022","2022","USD","US Dollar","0","Units",,,45370.968847,"B","Break"
"KOR","Korea","B1_GE","Gross domestic product (expenditure approach)","HCPC","Per head, current prices, current PPPs","2017","2017","USD","US Dollar","0","Units",,,40957.347064,,
"KOR","Korea","B1_GE","Gross domestic product (expenditure approach)","HCPC","Per head, current prices, current PPPs","2018","2018","USD","US Dollar","0","Units",,,43044.340145,,
"KOR","Korea","B1_GE","Gross domestic product (expenditure approach)","HCPC","Per head, current prices, current PPPs","2019","2019","USD","US Dollar","0","Units",,,43864.890781,,
"KOR","Korea","B1_GE","Gross domestic product (expenditure approach)","HCPC","Per head, current prices, current PPPs","2020","2020","USD","US Dollar","0","Units",,,45142.971574,,
"KOR","Korea","B1_GE","Gross domestic product (expenditure approach)","HCPC","Per head, current prices, current PPPs","2021","2021","USD","US Dollar","0","Units",,,48594.466222,,
"KOR","Korea","B1_GE","Gross domestic product (expenditure approach)","HCPC","Per head, current prices, current PPPs","2022","2022","USD","US Dollar","0","Units",,,51666.493048,"P","Provisional value"
"ITA","Italy","B1_GE","Gross domestic product (expenditure approach)","HCPC","Per head, current prices, current PPPs","2017","2017","USD","US Dollar","0","Units",,,41951.466331,,
"ITA","Italy","B1_GE","Gross domestic product (expenditure approach)","HCPC","Per head, current prices, current PPPs","2018","2018","USD","US Dollar","0","Units",,,43427.663143,,
"ITA","Italy","B1_GE","Gross domestic product (expenditure approach)","HCPC","Per head, current prices, current PPPs","2019","2019","USD","US Dollar","0","Units",,,46470.021898,,
"ITA","Italy","B1_GE","Gross domestic product (expenditure approach)","HCPC","Per head, current prices, current PPPs","2020","2020","USD","US Dollar","0","Units",,,44202.198439,,
"ITA","Italy","B1_GE","Gross domestic product (expenditure approach)","HCPC","Per head, current prices, current PPPs","2021","2021","USD","US Dollar","0","Units",,,49912.808159,,
"ITA","Italy","B1_GE","Gross domestic product (expenditure approach)","HCPC","Per head, current prices, current PPPs","2022","2022","USD","US Dollar","0","Units",,,55373.255091,,
"EST","Estonia","B1_GE","Gross domestic product (expenditure approach)","HCPC","Per head, current prices, current PPPs","2017","2017","USD","US Dollar","0","Units",,,33867.803542,,
"EST","Estonia","B1_GE","Gross domestic product (expenditure approach)","HCPC","Per head, current prices, current PPPs","2018","2018","USD","US Dollar","0","Units",,,36488.637421,,
"EST","Estonia","B1_GE","Gross domestic product (expenditure approach)","HCPC","Per head, current prices, current PPPs","2019","2019","USD","US Dollar","0","Units",,,39640.13326,,
"EST","Estonia","B1_GE","Gross domestic product (expenditure approach)","HCPC","Per head, current prices, current PPPs","2020","2020","USD","US Dollar","0","Units",,,40115.548535,,
"EST","Estonia","B1_GE","Gross domestic product (expenditure approach)","HCPC","Per head, current prices, current PPPs","2021","2021","USD","US Dollar","0","Units",,,45076.581168,,
"EST","Estonia","B1_GE","Gross domestic product (expenditure approach)","HCPC","Per head, current prices, current PPPs","2022","2022","USD","US Dollar","0","Units",,,48784.805457,,
"CHL","Chile","B1_GE","Gross domestic product (expenditure approach)","HCPC","Per head, current prices, current PPPs","2017","2017","USD","US Dollar","0","Units",,,24479.458726,,
"CHL","Chile","B1_GE","Gross domestic product (expenditure approach)","HCPC","Per head, current prices, current PPPs","2018","2018","USD","US Dollar","0","Units",,,25496.431051,,
"CHL","Chile","B1_GE","Gross domestic product (expenditure approach)","HCPC","Per head, current prices, current PPPs","2019","2019","USD","US Dollar","0","Units",,,25762.123537,,
"CHL","Chile","B1_GE","Gross domestic product (expenditure approach)","HCPC","Per head, current prices, current PPPs","2020","2020","USD","US Dollar","0","Units",,,25258.084739,,
"CHL","Chile","B1_GE","Gross domestic product (expenditure approach)","HCPC","Per head, current prices, current PPPs","2021","2021","USD","US Dollar","0","Units",,,28873.949152,,
"CHL","Chile","B1_GE","Gross domestic product (expenditure approach)","HCPC","Per head, current prices, current PPPs","2022","2022","USD","US Dollar","0","Units",,,31080.125612,,
"OECD","OECD - Total","B1_GE","Gross domestic product (expenditure approach)","HCPC","Per head, current prices, current PPPs","2017","2017","USD","US Dollar","0","Units",,,43663.849859,,
"OECD","OECD - Total","B1_GE","Gross domestic product (expenditure approach)","HCPC","Per head, current prices, current PPPs","2018","2018","USD","US Dollar","0","Units",,,45336.642661,,
"OECD","OECD - Total","B1_GE","Gross domestic product (expenditure approach)","HCPC","Per head, current prices, current PPPs","2019","2019","USD","US Dollar","0","Units",,,47240.009521,"P","Provisional value"
"OECD","OECD - Total","B1_GE","Gross domestic product (expenditure approach)","HCPC","Per head, current prices, current PPPs","2020","2020","USD","US Dollar","0","Units",,,46361.838001,"P","Provisional value"
"OECD","OECD - Total","B1_GE","Gross domestic product (expenditure approach)","HCPC","Per head, current prices, current PPPs","2021","2021","USD","US Dollar","0","Units",,,50951.063592,"P","Provisional value"
"OECD","OECD - Total","B1_GE","Gross domestic product (expenditure approach)","HCPC","Per head, current prices, current PPPs","2022","2022","USD","US Dollar","0","Units",,,55964.396408,"E","Estimated value"
"IND","India","B1_GE","Gross domestic product (expenditure approach)","HCPC","Per head, current prices, current PPPs","2017","2017","USD","US Dollar","0","Units",,,6299.036721,,
"IND","India","B1_GE","Gross domestic product (expenditure approach)","HCPC","Per head, current prices, current PPPs","2018","2018","USD","US Dollar","0","Units",,,6799.502382,,
"IND","India","B1_GE","Gross domestic product (expenditure approach)","HCPC","Per head, current prices, current PPPs","2019","2019","USD","US Dollar","0","Units",,,7104.214286,,
"IND","India","B1_GE","Gross domestic product (expenditure approach)","HCPC","Per head, current prices, current PPPs","2020","2020","USD","US Dollar","0","Units",,,6704.949053,,
"RUS","Russia","B1_GE","Gross domestic product (expenditure approach)","HCPC","Per head, current prices, current PPPs","2017","2017","USD","US Dollar","0","Units",,,25926.431403,,
"RUS","Russia","B1_GE","Gross domestic product (expenditure approach)","HCPC","Per head, current prices, current PPPs","2018","2018","USD","US Dollar","0","Units",,,28821.242897,,
"RUS","Russia","B1_GE","Gross domestic product (expenditure approach)","HCPC","Per head, current prices, current PPPs","2019","2019","USD","US Dollar","0","Units",,,29967.119348,,
"RUS","Russia","B1_GE","Gross domestic product (expenditure approach)","HCPC","Per head, current prices, current PPPs","2020","2020","USD","US Dollar","0","Units",,,29819.046969,"E","Estimated value"
"ISR","Israel","B1_GE","Gross domestic product (expenditure approach)","HCPC","Per head, current prices, current PPPs","2017","2017","USD","US Dollar","0","Units",,,39352.294675,,
"ISR","Israel","B1_GE","Gross domestic product (expenditure approach)","HCPC","Per head, current prices, current PPPs","2018","2018","USD","US Dollar","0","Units",,,40082.466095,,
"ISR","Israel","B1_GE","Gross domestic product (expenditure approach)","HCPC","Per head, current prices, current PPPs","2019","2019","USD","US Dollar","0","Units",,,41236.223827,,
"ISR","Israel","B1_GE","Gross domestic product (expenditure approach)","HCPC","Per head, current prices, current PPPs","2020","2020","USD","US Dollar","0","Units",,,41054.68454,,
"ISR","Israel","B1_GE","Gross domestic product (expenditure approach)","HCPC","Per head, current prices, current PPPs","2021","2021","USD","US Dollar","0","Units",,,46258.371994,,
"ISR","Israel","B1_GE","Gross domestic product (expenditure approach)","HCPC","Per head, current prices, current PPPs","2022","2022","USD","US Dollar","0","Units",,,52169.363975,,
"NZL","New Zealand","B1_GE","Gross domestic product (expenditure approach)","HCPC","Per head, current prices, current PPPs","2017","2017","USD","US Dollar","0","Units",,,41994.487818,,
"NZL","New Zealand","B1_GE","Gross domestic product (expenditure approach)","HCPC","Per head, current prices, current PPPs","2018","2018","USD","US Dollar","0","Units",,,42320.906448,,
"NZL","New Zealand","B1_GE","Gross domestic product (expenditure approach)","HCPC","Per head, current prices, current PPPs","2019","2019","USD","US Dollar","0","Units",,,44886.215743,,
"NZL","New Zealand","B1_GE","Gross domestic product (expenditure approach)","HCPC","Per head, current prices, current PPPs","2020","2020","USD","US Dollar","0","Units",,,45159.14414,,
"NZL","New Zealand","B1_GE","Gross domestic product (expenditure approach)","HCPC","Per head, current prices, current PPPs","2021","2021","USD","US Dollar","0","Units",,,48092.3144,,
"NZL","New Zealand","B1_GE","Gross domestic product (expenditure approach)","HCPC","Per head, current prices, current PPPs","2022","2022","USD","US Dollar","0","Units",,,52029.499662,"E","Estimated value"
"HUN","Hungary","B1_GE","Gross domestic product (expenditure approach)","HCPC","Per head, current prices, current PPPs","2017","2017","USD","US Dollar","0","Units",,,29496.163748,,
"HUN","Hungary","B1_GE","Gross domestic product (expenditure approach)","HCPC","Per head, current prices, current PPPs","2018","2018","USD","US Dollar","0","Units",,,31908.863431,,
"HUN","Hungary","B1_GE","Gross domestic product (expenditure approach)","HCPC","Per head, current prices, current PPPs","2019","2019","USD","US Dollar","0","Units",,,35152.603797,,
"HUN","Hungary","B1_GE","Gross domestic product (expenditure approach)","HCPC","Per head, current prices, current PPPs","2020","2020","USD","US Dollar","0","Units",,,35016.136161,,
"HUN","Hungary","B1_GE","Gross domestic product (expenditure approach)","HCPC","Per head, current prices, current PPPs","2021","2021","USD","US Dollar","0","Units",,,38643.762485,,
"HUN","Hungary","B1_GE","Gross domestic product (expenditure approach)","HCPC","Per head, current prices, current PPPs","2022","2022","USD","US Dollar","0","Units",,,43475.987563,"P","Provisional value"
"IDN","Indonesia","B1_GE","Gross domestic product (expenditure approach)","HCPC","Per head, current prices, current PPPs","2017","2017","USD","US Dollar","0","Units",,,11073.520666,,
"IDN","Indonesia","B1_GE","Gross domestic product (expenditure approach)","HCPC","Per head, current prices, current PPPs","2018","2018","USD","US Dollar","0","Units",,,11799.794466,,
"IDN","Indonesia","B1_GE","Gross domestic product (expenditure approach)","HCPC","Per head, current prices, current PPPs","2019","2019","USD","US Dollar","0","Units",,,12484.384744,,
"IDN","Indonesia","B1_GE","Gross domestic product (expenditure approach)","HCPC","Per head, current prices, current PPPs","2020","2020","USD","US Dollar","0","Units",,,12235.159347,,
"IDN","Indonesia","B1_GE","Gross domestic product (expenditure approach)","HCPC","Per head, current prices, current PPPs","2021","2021","USD","US Dollar","0","Units",,,13137.776288,,
"IDN","Indonesia","B1_GE","Gross domestic product (expenditure approach)","HCPC","Per head, current prices, current PPPs","2022","2022","USD","US Dollar","0","Units",,,14643.300636,,
"MEX","Mexico","B1_GE","Gross domestic product (expenditure approach)","HCPC","Per head, current prices, current PPPs","2017","2017","USD","US Dollar","0","Units",,,20756.351176,,
"MEX","Mexico","B1_GE","Gross domestic product (expenditure approach)","HCPC","Per head, current prices, current PPPs","2018","2018","USD","US Dollar","0","Units",,,21131.36548,,
"MEX","Mexico","B1_GE","Gross domestic product (expenditure approach)","HCPC","Per head, current prices, current PPPs","2019","2019","USD","US Dollar","0","Units",,,21116.853566,,
"MEX","Mexico","B1_GE","Gross domestic product (expenditure approach)","HCPC","Per head, current prices, current PPPs","2020","2020","USD","US Dollar","0","Units",,,19413.764309,,
"MEX","Mexico","B1_GE","Gross domestic product (expenditure approach)","HCPC","Per head, current prices, current PPPs","2021","2021","USD","US Dollar","0","Units",,,20981.216126,"P","Provisional value"
"MEX","Mexico","B1_GE","Gross domestic product (expenditure approach)","HCPC","Per head, current prices, current PPPs","2022","2022","USD","US Dollar","0","Units",,,23659.102285,"P","Provisional value"
"LUX","Luxembourg","B1_GE","Gross domestic product (expenditure approach)","HCPC","Per head, current prices, current PPPs","2017","2017","USD","US Dollar","0","Units",,,114862.528755,,
"LUX","Luxembourg","B1_GE","Gross domestic product (expenditure approach)","HCPC","Per head, current prices, current PPPs","2018","2018","USD","US Dollar","0","Units",,,116334.724739,,
"LUX","Luxembourg","B1_GE","Gross domestic product (expenditure approach)","HCPC","Per head, current prices, current PPPs","2019","2019","USD","US Dollar","0","Units",,,121111.047721,,
"LUX","Luxembourg","B1_GE","Gross domestic product (expenditure approach)","HCPC","Per head, current prices, current PPPs","2020","2020","USD","US Dollar","0","Units",,,121984.649428,,
"LUX","Luxembourg","B1_GE","Gross domestic product (expenditure approach)","HCPC","Per head, current prices, current PPPs","2021","2021","USD","US Dollar","0","Units",,,137737.714256,,
"LUX","Luxembourg","B1_GE","Gross domestic product (expenditure approach)","HCPC","Per head, current prices, current PPPs","2022","2022","USD","US Dollar","0","Units",,,145971.493669,,
"IRL","Ireland","B1_GE","Gross domestic product (expenditure approach)","HCPC","Per head, current prices, current PPPs","2017","2017","USD","US Dollar","0","Units",,,78252.205616,,
"IRL","Ireland","B1_GE","Gross domestic product (expenditure approach)","HCPC","Per head, current prices, current PPPs","2018","2018","USD","US Dollar","0","Units",,,85034.728547,,
"IRL","Ireland","B1_GE","Gross domestic product (expenditure approach)","HCPC","Per head, current prices, current PPPs","2019","2019","USD","US Dollar","0","Units",,,91072.866811,,
"IRL","Ireland","B1_GE","Gross domestic product (expenditure approach)","HCPC","Per head, current prices, current PPPs","2020","2020","USD","US Dollar","0","Units",,,97165.187647,,
"IRL","Ireland","B1_GE","Gross domestic product (expenditure approach)","HCPC","Per head, current prices, current PPPs","2021","2021","USD","US Dollar","0","Units",,,114451.031301,,
"IRL","Ireland","B1_GE","Gross domestic product (expenditure approach)","HCPC","Per head, current prices, current PPPs","2022","2022","USD","US Dollar","0","Units",,,134148.789433,,
"JPN","Japan","B1_GE","Gross domestic product (expenditure approach)","HCPC","Per head, current prices, current PPPs","2017","2017","USD","US Dollar","0","Units",,,41531.221619,,
"JPN","Japan","B1_GE","Gross domestic product (expenditure approach)","HCPC","Per head, current prices, current PPPs","2018","2018","USD","US Dollar","0","Units",,,42264.585123,,
"JPN","Japan","B1_GE","Gross domestic product (expenditure approach)","HCPC","Per head, current prices, current PPPs","2019","2019","USD","US Dollar","0","Units",,,42835.817421,,
"JPN","Japan","B1_GE","Gross domestic product (expenditure approach)","HCPC","Per head, current prices, current PPPs","2020","2020","USD","US Dollar","0","Units",,,42625.001229,,
"JPN","Japan","B1_GE","Gross domestic product (expenditure approach)","HCPC","Per head, current prices, current PPPs","2021","2021","USD","US Dollar","0","Units",,,44613.088167,,
"JPN","Japan","B1_GE","Gross domestic product (expenditure approach)","HCPC","Per head, current prices, current PPPs","2022","2022","USD","US Dollar","0","Units",,,47185.509153,,
"USA","United States","B1_GE","Gross domestic product (expenditure approach)","HCPC","Per head, current prices, current PPPs","2017","2017","USD","US Dollar","0","Units",,,60001.535826,,
"USA","United States","B1_GE","Gross domestic product (expenditure approach)","HCPC","Per head, current prices, current PPPs","2018","2018","USD","US Dollar","0","Units",,,62825.100215,,
"USA","United States","B1_GE","Gross domestic product (expenditure approach)","HCPC","Per head, current prices, current PPPs","2019","2019","USD","US Dollar","0","Units",,,65115.124065,,
"USA","United States","B1_GE","Gross domestic product (expenditure approach)","HCPC","Per head, current prices, current PPPs","2020","2020","USD","US Dollar","0","Units",,,64266.790842,,
"USA","United States","B1_GE","Gross domestic product (expenditure approach)","HCPC","Per head, current prices, current PPPs","2021","2021","USD","US Dollar","0","Units",,,70991.304374,,
"USA","United States","B1_GE","Gross domestic product (expenditure approach)","HCPC","Per head, current prices, current PPPs","2022","2022","USD","US Dollar","0","Units",,,77171.744181,,
"OTF","OECD - FORMER TOTAL","B1_GE","Gross domestic product (expenditure approach)","HCPC","Per head, current prices, current PPPs","2017","2017","USD","US Dollar","0","Units",,,45947.499259,,
"OTF","OECD - FORMER TOTAL","B1_GE","Gross domestic product (expenditure approach)","HCPC","Per head, current prices, current PPPs","2018","2018","USD","US Dollar","0","Units",,,47657.100691,,
"OTF","OECD - FORMER TOTAL","B1_GE","Gross domestic product (expenditure approach)","HCPC","Per head, current prices, current PPPs","2019","2019","USD","US Dollar","0","Units",,,49563.948701,"P","Provisional value"
"OTF","OECD - FORMER TOTAL","B1_GE","Gross domestic product (expenditure approach)","HCPC","Per head, current prices, current PPPs","2020","2020","USD","US Dollar","0","Units",,,48619.971538,"P","Provisional value"
"OTF","OECD - FORMER TOTAL","B1_GE","Gross domestic product (expenditure approach)","HCPC","Per head, current prices, current PPPs","2021","2021","USD","US Dollar","0","Units",,,53383.853636,"P","Provisional value"
"OTF","OECD - FORMER TOTAL","B1_GE","Gross domestic product (expenditure approach)","HCPC","Per head, current prices, current PPPs","2022","2022","USD","US Dollar","0","Units",,,58532.071306,"E","Estimated value"
"OECDE","OECD - Europe","B1_GE","Gross domestic product (expenditure approach)","HCPC","Per head, current prices, current PPPs","2017","2017","USD","US Dollar","0","Units",,,42554.324743,,
"OECDE","OECD - Europe","B1_GE","Gross domestic product (expenditure approach)","HCPC","Per head, current prices, current PPPs","2018","2018","USD","US Dollar","0","Units",,,44163.727665,,
"OECDE","OECD - Europe","B1_GE","Gross domestic product (expenditure approach)","HCPC","Per head, current prices, current PPPs","2019","2019","USD","US Dollar","0","Units",,,47023.047983,"P","Provisional value"
"OECDE","OECD - Europe","B1_GE","Gross domestic product (expenditure approach)","HCPC","Per head, current prices, current PPPs","2020","2020","USD","US Dollar","0","Units",,,45901.038517,"P","Provisional value"
"OECDE","OECD - Europe","B1_GE","Gross domestic product (expenditure approach)","HCPC","Per head, current prices, current PPPs","2021","2021","USD","US Dollar","0","Units",,,50659.833207,"P","Provisional value"
"OECDE","OECD - Europe","B1_GE","Gross domestic product (expenditure approach)","HCPC","Per head, current prices, current PPPs","2022","2022","USD","US Dollar","0","Units",,,56295.980497,"B","Break"
"NOR","Norway","B1_GE","Gross domestic product (expenditure approach)","HCPC","Per head, current prices, current PPPs","2017","2017","USD","US Dollar","0","Units",,,64589.163172,,
"NOR","Norway","B1_GE","Gross domestic product (expenditure approach)","HCPC","Per head, current prices, current PPPs","2018","2018","USD","US Dollar","0","Units",,,70252.735449,,
"NOR","Norway","B1_GE","Gross domestic product (expenditure approach)","HCPC","Per head, current prices, current PPPs","2019","2019","USD","US Dollar","0","Units",,,70938.225099,,
"NOR","Norway","B1_GE","Gross domestic product (expenditure approach)","HCPC","Per head, current prices, current PPPs","2020","2020","USD","US Dollar","0","Units",,,67116.532811,,
"NOR","Norway","B1_GE","Gross domestic product (expenditure approach)","HCPC","Per head, current prices, current PPPs","2021","2021","USD","US Dollar","0","Units",,,89214.420416,,
"NOR","Norway","B1_GE","Gross domestic product (expenditure approach)","HCPC","Per head, current prices, current PPPs","2022","2022","USD","US Dollar","0","Units",,,124176.625976,,
"SVN","Slovenia","B1_GE","Gross domestic product (expenditure approach)","HCPC","Per head, current prices, current PPPs","2017","2017","USD","US Dollar","0","Units",,,36517.579273,,
"SVN","Slovenia","B1_GE","Gross domestic product (expenditure approach)","HCPC","Per head, current prices, current PPPs","2018","2018","USD","US Dollar","0","Units",,,39008.297051,,
"SVN","Slovenia","B1_GE","Gross domestic product (expenditure approach)","HCPC","Per head, current prices, current PPPs","2019","2019","USD","US Dollar","0","Units",,,42735.107154,,
"SVN","Slovenia","B1_GE","Gross domestic product (expenditure approach)","HCPC","Per head, current prices, current PPPs","2020","2020","USD","US Dollar","0","Units",,,42033.258612,,
"SVN","Slovenia","B1_GE","Gross domestic product (expenditure approach)","HCPC","Per head, current prices, current PPPs","2021","2021","USD","US Dollar","0","Units",,,46509.757058,,
"SVN","Slovenia","B1_GE","Gross domestic product (expenditure approach)","HCPC","Per head, current prices, current PPPs","2022","2022","USD","US Dollar","0","Units",,,51344.912273,,
"ZAF","South Africa","B1_GE","Gross domestic product (expenditure approach)","HCPC","Per head, current prices, current PPPs","2017","2017","USD","US Dollar","0","Units",,,14134.028896,,
"ZAF","South Africa","B1_GE","Gross domestic product (expenditure approach)","HCPC","Per head, current prices, current PPPs","2018","2018","USD","US Dollar","0","Units",,,14545.431392,,
"ZAF","South Africa","B1_GE","Gross domestic product (expenditure approach)","HCPC","Per head, current prices, current PPPs","2019","2019","USD","US Dollar","0","Units",,,14654.557239,,
"ZAF","South Africa","B1_GE","Gross domestic product (expenditure approach)","HCPC","Per head, current prices, current PPPs","2020","2020","USD","US Dollar","0","Units",,,13716.632593,,
"ZAF","South Africa","B1_GE","Gross domestic product (expenditure approach)","HCPC","Per head, current prices, current PPPs","2021","2021","USD","US Dollar","0","Units",,,14812.842929,,
"ZAF","South Africa","B1_GE","Gross domestic product (expenditure approach)","HCPC","Per head, current prices, current PPPs","2022","2022","USD","US Dollar","0","Units",,,15953.4746,,
"NLD","Netherlands","B1_GE","Gross domestic product (expenditure approach)","HCPC","Per head, current prices, current PPPs","2017","2017","USD","US Dollar","0","Units",,,55089.58143,,
"NLD","Netherlands","B1_GE","Gross domestic product (expenditure approach)","HCPC","Per head, current prices, current PPPs","2018","2018","USD","US Dollar","0","Units",,,57825.399708,,
"NLD","Netherlands","B1_GE","Gross domestic product (expenditure approach)","HCPC","Per head, current prices, current PPPs","2019","2019","USD","US Dollar","0","Units",,,61089.14068,,
"NLD","Netherlands","B1_GE","Gross domestic product (expenditure approach)","HCPC","Per head, current prices, current PPPs","2020","2020","USD","US Dollar","0","Units",,,61066.650186,,
"NLD","Netherlands","B1_GE","Gross domestic product (expenditure approach)","HCPC","Per head, current prices, current PPPs","2021","2021","USD","US Dollar","0","Units",,,67693.502863,"P","Provisional value"
"NLD","Netherlands","B1_GE","Gross domestic product (expenditure approach)","HCPC","Per head, current prices, current PPPs","2022","2022","USD","US Dollar","0","Units",,,74541.683627,"P","Provisional value"
"SWE","Sweden","B1_GE","Gross domestic product (expenditure approach)","HCPC","Per head, current prices, current PPPs","2017","2017","USD","US Dollar","0","Units",,,51947.95578,,
"SWE","Sweden","B1_GE","Gross domestic product (expenditure approach)","HCPC","Per head, current prices, current PPPs","2018","2018","USD","US Dollar","0","Units",,,53521.635778,,
"SWE","Sweden","B1_GE","Gross domestic product (expenditure approach)","HCPC","Per head, current prices, current PPPs","2019","2019","USD","US Dollar","0","Units",,,57229.77494,,
"SWE","Sweden","B1_GE","Gross domestic product (expenditure approach)","HCPC","Per head, current prices, current PPPs","2020","2020","USD","US Dollar","0","Units",,,57690.3253,,
"SWE","Sweden","B1_GE","Gross domestic product (expenditure approach)","HCPC","Per head, current prices, current PPPs","2021","2021","USD","US Dollar","0","Units",,,63375.049572,,
"SWE","Sweden","B1_GE","Gross domestic product (expenditure approach)","HCPC","Per head, current prices, current PPPs","2022","2022","USD","US Dollar","0","Units",,,68239.096391,,
"ISL","Iceland","B1_GE","Gross domestic product (expenditure approach)","HCPC","Per head, current prices, current PPPs","2017","2017","USD","US Dollar","0","Units",,,55638.491978,,
"ISL","Iceland","B1_GE","Gross domestic product (expenditure approach)","HCPC","Per head, current prices, current PPPs","2018","2018","USD","US Dollar","0","Units",,,57201.173335,,
"ISL","Iceland","B1_GE","Gross domestic product (expenditure approach)","HCPC","Per head, current prices, current PPPs","2019","2019","USD","US Dollar","0","Units",,,60517.607797,,
"ISL","Iceland","B1_GE","Gross domestic product (expenditure approach)","HCPC","Per head, current prices, current PPPs","2020","2020","USD","US Dollar","0","Units",,,55625.556214,,
"ISL","Iceland","B1_GE","Gross domestic product (expenditure approach)","HCPC","Per head, current prices, current PPPs","2021","2021","USD","US Dollar","0","Units",,,61484.680476,,
"ISL","Iceland","B1_GE","Gross domestic product (expenditure approach)","HCPC","Per head, current prices, current PPPs","2022","2022","USD","US Dollar","0","Units",,,71840.689788,,
"TUR","Türkiye","B1_GE","Gross domestic product (expenditure approach)","HCPC","Per head, current prices, current PPPs","2017","2017","USD","US Dollar","0","Units",,,28193.061398,,
"TUR","Türkiye","B1_GE","Gross domestic product (expenditure approach)","HCPC","Per head, current prices, current PPPs","2018","2018","USD","US Dollar","0","Units",,,28299.469697,,
"TUR","Türkiye","B1_GE","Gross domestic product (expenditure approach)","HCPC","Per head, current prices, current PPPs","2019","2019","USD","US Dollar","0","Units",,,28461.32656,,
"TUR","Türkiye","B1_GE","Gross domestic product (expenditure approach)","HCPC","Per head, current prices, current PPPs","2020","2020","USD","US Dollar","0","Units",,,28680.085701,,
"TUR","Türkiye","B1_GE","Gross domestic product (expenditure approach)","HCPC","Per head, current prices, current PPPs","2021","2021","USD","US Dollar","0","Units",,,31637.647288,,
"TUR","Türkiye","B1_GE","Gross domestic product (expenditure approach)","HCPC","Per head, current prices, current PPPs","2022","2022","USD","US Dollar","0","Units",,,38355.113006,,
